{
  "lang":"en",
  "name":"pipeline",
  "version":"0.0.0",
  "spacy_version":">=3.8.7,<3.9.0",
  "description":"",
  "author":"",
  "email":"",
  "url":"",
  "license":"",
  "spacy_git_version":"4b65aa7",
  "vectors":{
    "width":0,
    "vectors":0,
    "keys":0,
    "name":null,
    "mode":"default"
  },
  "labels":{
    "tok2vec":[

    ],
    "textcat":[
      "admiration",
      "amusement",
      "anger",
      "annoyance",
      "approval",
      "caring",
      "confusion",
      "curiosity",
      "desire",
      "disappointment",
      "disapproval",
      "disgust",
      "embarrassment",
      "excitement",
      "fear",
      "gratitude",
      "grief",
      "joy",
      "love",
      "nervousness",
      "neutral",
      "optimism",
      "pride",
      "realization",
      "relief",
      "remorse",
      "sadness",
      "surprise"
    ]
  },
  "pipeline":[
    "tok2vec",
    "textcat"
  ],
  "components":[
    "tok2vec",
    "textcat"
  ],
  "disabled":[

  ],
  "performance":{
    "cats_score":0.2238958476,
    "cats_score_desc":"macro F",
    "cats_micro_p":0.362435751,
    "cats_micro_r":0.362435751,
    "cats_micro_f":0.362435751,
    "cats_macro_p":0.2560474875,
    "cats_macro_r":0.2102757326,
    "cats_macro_f":0.2238958476,
    "cats_macro_auc":0.7174528378,
    "cats_f_per_type":{
      "admiration":{
        "p":0.4563706564,
        "r":0.50042337,
        "f":0.4773828756
      },
      "amusement":{
        "p":0.493442623,
        "r":0.5180722892,
        "f":0.5054575987
      },
      "anger":{
        "p":0.2866817156,
        "r":0.2321755027,
        "f":0.2565656566
      },
      "annoyance":{
        "p":0.1690590112,
        "r":0.1357234315,
        "f":0.1505681818
      },
      "approval":{
        "p":0.2054644809,
        "r":0.1757009346,
        "f":0.1894206549
      },
      "caring":{
        "p":0.2327272727,
        "r":0.1916167665,
        "f":0.210180624
      },
      "confusion":{
        "p":0.2892307692,
        "r":0.2047930283,
        "f":0.2397959184
      },
      "curiosity":{
        "p":0.3380614657,
        "r":0.2687969925,
        "f":0.2994764398
      },
      "desire":{
        "p":0.3712121212,
        "r":0.2367149758,
        "f":0.2890855457
      },
      "disappointment":{
        "p":0.1404109589,
        "r":0.0978520286,
        "f":0.1153305204
      },
      "disapproval":{
        "p":0.2265060241,
        "r":0.1484992101,
        "f":0.179389313
      },
      "disgust":{
        "p":0.2173913043,
        "r":0.1282051282,
        "f":0.1612903226
      },
      "embarrassment":{
        "p":0.0,
        "r":0.0,
        "f":0.0
      },
      "excitement":{
        "p":0.2275449102,
        "r":0.1262458472,
        "f":0.1623931624
      },
      "fear":{
        "p":0.5283018868,
        "r":0.1647058824,
        "f":0.2511210762
      },
      "gratitude":{
        "p":0.634057971,
        "r":0.626118068,
        "f":0.6300630063
      },
      "grief":{
        "p":0.0,
        "r":0.0,
        "f":0.0
      },
      "joy":{
        "p":0.2651162791,
        "r":0.1764705882,
        "f":0.2118959108
      },
      "love":{
        "p":0.4974489796,
        "r":0.5158730159,
        "f":0.5064935065
      },
      "nervousness":{
        "p":0.0,
        "r":0.0,
        "f":0.0
      },
      "neutral":{
        "p":0.4023201076,
        "r":0.6443187938,
        "f":0.4953425792
      },
      "optimism":{
        "p":0.2589641434,
        "r":0.2056962025,
        "f":0.2292768959
      },
      "pride":{
        "p":0.0,
        "r":0.0,
        "f":0.0
      },
      "realization":{
        "p":0.1666666667,
        "r":0.0714285714,
        "f":0.1
      },
      "relief":{
        "p":0.0,
        "r":0.0,
        "f":0.0
      },
      "remorse":{
        "p":0.2368421053,
        "r":0.2093023256,
        "f":0.2222222222
      },
      "sadness":{
        "p":0.2295081967,
        "r":0.1621621622,
        "f":0.1900452489
      },
      "surprise":{
        "p":0.296,
        "r":0.1468253968,
        "f":0.1962864721
      }
    },
    "tok2vec_loss":0.0,
    "textcat_loss":4.0487380717
  }
}